0,730.65
1,730.6937326
2,730.7332521
3,730.7725589
4,730.8116531
5,730.8505347
6,730.8892041
7,730.9276614
8,730.9659067
9,731.0039402
10,731.0417622
11,731.0793726
12,731.1167718
13,731.1539599
14,731.1909371
15,731.2277034
16,731.2642592
17,731.3006046
18,731.3367397
19,731.3726647
20,731.4083798
21,731.4438851
22,731.4791809
23,731.5142673
24,731.5491443
25,731.5838124
26,731.6182715
27,731.6525219
28,731.6865637
29,731.7203971
30,731.7540222
31,731.7874393
32,731.8206485
33,731.85365
34,731.8864439
35,731.9190304
36,731.9514097
37,731.983582
38,732.0155473
39,732.0473059
40,732.078858
41,732.1102037
42,732.1413431
43,732.1722766
44,732.2030041
45,732.2335259
46,732.2638421
47,732.293953
48,732.3238587
49,732.3535593
50,732.383055
51,732.412346
52,732.4414325
53,732.4703146
54,732.4989924
55,732.5274663
56,732.5557362
57,732.5838024
58,732.6116651
59,732.6393244
60,732.6667805
61,732.6940335
62,732.7210837
63,732.7479311
64,732.774576
65,732.8010185
66,732.8272587
67,732.8532969
68,732.8791333
69,732.9047679
70,732.9302009
71,732.9554326
72,732.980463
73,733.0052924
74,733.0299209
75,733.0543486
76,733.0785758
77,733.1026026
78,733.1264291
79,733.1500556
80,733.1734822
81,733.196709
82,733.2197363
83,733.2425641
84,733.2651927
85,733.2876222
86,733.3098528
87,733.3318847
88,733.3537179
89,733.3753528
90,733.3967894
91,733.4180279
92,733.4390684
93,733.4599112
94,733.4805564
95,733.5010041
96,733.5212546
97,733.5413079
98,733.5611644
99,733.580824
100,733.600287
101,733.6195535
102,733.6386238
103,733.6574979
104,733.676176
105,733.6946584
106,733.7129451
107,733.7310363
108,733.7489322
109,733.766633
110,733.7841388
111,733.8014497
112,733.818566
113,733.8354878
114,733.8522152
115,733.8687485
116,733.8850877
117,733.9012331
118,733.9171848
119,733.932943
120,733.9485078
121,733.9638794
122,733.979058
123,733.9940437
124,734.0088367
125,734.0234371
126,734.0378451
127,734.0520609
128,734.0660847
129,734.0799165
130,734.0935565
131,734.107005
132,734.1202621
133,734.1333279
134,734.1462026
135,734.1588863
136,734.1713793
137,734.1836817
138,734.1957936
139,734.2077152
140,734.2194466
141,734.2309881
142,734.2423398
143,734.2535018
144,734.2644744
145,734.2752575
146,734.2858516
147,734.2962566
148,734.3064727
149,734.3165002
150,734.3263391
151,734.3359897
152,734.345452
153,734.3547263
154,734.3638127
155,734.3727114
156,734.3814225
157,734.3899462
158,734.3982826
159,734.4064319
160,734.4143944
161,734.42217
162,734.429759
163,734.4371615
164,734.4443778
165,734.4514079
166,734.458252
167,734.4649104
168,734.471383
169,734.4776702
170,734.483772
171,734.4896886
172,734.4954202
173,734.5009669
174,734.5063289
175,734.5115064
176,734.5164994
177,734.5213082
178,734.525933
179,734.5303738
180,734.5346309
181,734.5387044
182,734.5425944
183,734.5463011
184,734.5498247
185,734.5531654
186,734.5563232
187,734.5592983
188,734.562091
189,734.5647013
190,734.5671295
191,734.5693756
192,734.5714398
193,734.5733223
194,734.5750233
195,734.5765429
196,734.5778812
197,734.5790384
198,734.5800148
199,734.5808103
200,734.5814252
201,734.5818597
202,734.5821139
203,734.5821879
204,734.5820819
205,734.5817961
206,734.5813306
207,734.5806857
208,734.5798613
209,734.5788577
210,734.5776751
211,734.5763136
212,734.5747733
213,734.5730545
214,734.5711572
215,734.5690817
216,734.566828
217,734.5643964
218,734.561787
219,734.5589999
220,734.5560353
221,734.5528934
222,734.5495743
223,734.5460781
224,734.5424051
225,734.5385554
226,734.5345291
227,734.5303264
228,734.5259474
229,734.5213923
230,734.5166613
231,734.5117545
232,734.5066721
233,734.5014141
234,734.4959809
235,734.4903724
236,734.484589
237,734.4786307
238,734.4724976
239,734.46619
240,734.459708
241,734.4530518
242,734.4462214
243,734.4392171
244,734.4320391
245,734.4246873
246,734.4171621
247,734.4094636
248,734.4015919
249,734.3935472
250,734.3853296
251,734.3769393
252,734.3683764
253,734.3596411
254,734.3507335
255,734.3416539
256,734.3324023
257,734.3229789
258,734.3133838
259,734.3036173
260,734.2936794
261,734.2835703
262,734.2732902
263,734.2628392
264,734.2522175
265,734.2414252
266,734.2304625
267,734.2193295
268,734.2080263
269,734.1965532
270,734.1849103
271,734.1730977
272,734.1611156
273,734.1489642
274,734.1366435
275,734.1241537
276,734.1114951
277,734.0986677
278,734.0856716
279,734.0725072
280,734.0591744
281,734.0456735
282,734.0320045
283,734.0181677
284,734.0041632
285,733.9899912
286,733.9756518
287,733.9611451
288,733.9464713
289,733.9316306
290,733.916623
291,733.9014488
292,733.8861082
293,733.8706012
294,733.8549279
295,733.8390887
296,733.8230835
297,733.8069126
298,733.7905761
299,733.7740742
300,733.7574069
301,733.7405746
302,733.7235772
303,733.7064149
304,733.689088
305,733.6715965
306,733.6539407
307,733.6361205
308,733.6181363
309,733.5999881
310,733.5816762
311,733.5632005
312,733.5445614
313,733.5257589
314,733.5067932
315,733.4876645
316,733.4683728
317,733.4489184
318,733.4293013
319,733.4095218
320,733.38958
321,733.3694761
322,733.3492101
323,733.3287822
324,733.3081926
325,733.2874414
326,733.2665289
327,733.245455
328,733.22422
329,733.202824
330,733.1812672
331,733.1595497
332,733.1376717
333,733.1156332
334,733.0934346
335,733.0710758
336,733.0485571
337,733.0258786
338,733.0030404
339,732.9800427
340,732.9568856
341,732.9335694
342,732.9100941
343,732.8864598
344,732.8626668
345,732.8387151
346,732.814605
347,732.7903366
348,732.7659099
349,732.7413252
350,732.7165826
351,732.6916823
352,732.6666244
353,732.641409
354,732.6160363
355,732.5905064
356,732.5648196
357,732.5389758
358,732.5129753
359,732.4868183
360,732.4605048
361,732.434035
362,732.4074091
363,732.3806271
364,732.3536894
365,732.3265959
366,732.2993468
367,732.2719424
368,732.2443827
369,732.2166678
370,732.188798
371,732.1607733
372,732.1325939
373,732.10426
374,732.0757717
375,732.0471291
376,732.0183324
377,731.9893817
378,731.9602773
379,731.9310191
380,731.9016074
381,731.8720423
382,731.842324
383,731.8124525
384,731.7824281
385,731.7522509
386,731.721921
387,731.6914386
388,731.6608038
389,731.6300168
390,731.5990776
391,731.5679865
392,731.5367436
393,731.5053491
394,731.473803
395,731.4421055
396,731.4102568
397,731.378257
398,731.3461063
399,731.3138047
400,731.2813525
401,731.2487498
402,731.2159967
403,731.1830933
404,731.1500399
405,731.1168365
406,731.0834832
407,731.0499804
408,731.016328
409,730.9825262
410,730.9485752
411,730.9144751
412,730.880226
413,730.8458281
414,730.8112816
415,730.7765865
416,730.741743
417,730.7067513
418,730.6716115
419,730.6363237
420,730.6008881
421,730.5653048
422,730.529574
423,730.4936958
424,730.4576703
425,730.4214978
426,730.3851782
427,730.3487118
428,730.3120988
429,730.2753391
430,730.2384331
431,730.2013808
432,730.1641824
433,730.126838
434,730.0893477
435,730.0517117
436,730.0139302
437,729.9760032
438,729.937931
439,729.8997136
440,729.8613512
441,729.822844
442,729.784192
443,729.7453954
444,729.7064544
445,729.6673691
446,729.6281396
447,729.5887661
448,729.5492488
449,729.5095876
450,729.4697829
451,729.4298347
452,729.3897432
453,729.3495084
454,729.3091307
455,729.26861
456,729.2279465
457,729.1871405
458,729.1461919
459,729.105101
460,729.0638678
461,729.0224926
462,728.9809755
463,728.9393165
464,728.8975159
465,728.8555737
466,728.8134902
467,728.7712655
468,728.7288996
469,728.6863927
470,728.6437451
471,728.6009567
472,728.5580278
473,728.5149584
474,728.4717488
475,728.4283991
476,728.3849093
477,728.3412797
478,728.2975103
479,728.2536014
480,728.209553
481,728.1653652
482,728.1210383
483,728.0765724
484,728.0319675
485,727.9872239
486,727.9423417
487,727.897321
488,727.8521619
489,727.8068645
490,727.7614292
491,727.7158558
492,727.6701447
493,727.6242958
494,727.5783095
495,727.5321857
496,727.4859247
497,727.4395265
498,727.3929914
499,727.3463194
500,727.2995106
501,727.2525653
502,727.2054836
503,727.1582655
504,727.1109112
505,727.063421
506,727.0157948
507,726.9680328
508,726.9201352
509,726.8721021
510,726.8239337
511,726.77563
512,726.7271912
513,726.6786175
514,726.6299089
515,726.5810657
516,726.5320879
517,726.4829757
518,726.4337292
519,726.3843485
520,726.3348339
521,726.2851853
522,726.235403
523,726.1854872
524,726.1354378
525,726.0852551
526,726.0349392
527,725.9844902
528,725.9339083
529,725.8831935
530,725.8323461
531,725.7813662
532,725.7302539
533,725.6790093
534,725.6276325
535,725.5761238
536,725.5244832
537,725.4727108
538,725.4208069
539,725.3687714
540,725.3166047
541,725.2643068
542,725.2118777
543,725.1593178
544,725.106627
545,725.0538056
546,725.0008536
547,724.9477713
548,724.8945586
549,724.8412159
550,724.7877431
551,724.7341404
552,724.6804081
553,724.6265461
554,724.5725546
555,724.5184338
556,724.4641837
557,724.4098046
558,724.3552966
559,724.3006597
560,724.2458942
561,724.1910001
562,724.1359776
563,724.0808267
564,724.0255478
565,723.9701408
566,723.9146059
567,723.8589433
568,723.803153
569,723.7472352
570,723.6911901
571,723.6350177
572,723.5787182
573,723.5222918
574,723.4657385
575,723.4090585
576,723.3522519
577,723.2953188
578,723.2382595
579,723.1810739
580,723.1237623
581,723.0663248
582,723.0087614
583,722.9510724
584,722.8932579
585,722.835318
586,722.7772527
587,722.7190624
588,722.660747
589,722.6023067
590,722.5437417
591,722.485052
592,722.4262378
593,722.3672993
594,722.3082365
595,722.2490497
596,722.1897388
597,722.1303041
598,722.0707457
599,722.0110637
600,721.9512582
601,721.8913294
602,721.8312774
603,721.7711023
604,721.7108042
605,721.6503834
606,721.5898398
607,721.5291737
608,721.4683852
609,721.4074744
610,721.3464413
611,721.2852863
612,721.2240093
613,721.1626105
614,721.1010901
615,721.0394482
616,720.9776848
617,720.9158001
618,720.8537944
619,720.7916675
620,720.7294198
621,720.6670514
622,720.6045623
623,720.5419526
624,720.4792226
625,720.4163724
626,720.353402
627,720.2903116
628,720.2271013
629,720.1637713
630,720.1003217
631,720.0367526
632,719.9730641
633,719.9092564
634,719.8453296
635,719.7812837
636,719.7171191
637,719.6528357
638,719.5884336
639,719.5239132
640,719.4592743
641,719.3945172
642,719.3296421
643,719.2646489
644,719.199538
645,719.1343092
646,719.0689629
647,719.0034992
648,718.9379181
649,718.8722197
650,718.8064043
651,718.7404719
652,718.6744227
653,718.6082568
654,718.5419742
655,718.4755752
656,718.4090599
657,718.3424283
658,718.2756807
659,718.2088171
660,718.1418377
661,718.0747425
662,718.0075318
663,717.9402056
664,717.8727641
665,717.8052073
666,717.7375355
667,717.6697487
668,717.601847
669,717.5338307
670,717.4656997
671,717.3974543
672,717.3290945
673,717.2606206
674,717.1920325
675,717.1233304
676,717.0545146
677,716.9855849
678,716.9165417
679,716.847385
680,716.778115
681,716.7087317
682,716.6392354
683,716.569626
684,716.4999038
685,716.4300689
686,716.3601213
687,716.2900613
688,716.2198889
689,716.1496043
690,716.0792075
691,716.0086987
692,715.9380781
693,715.8673457
694,715.7965017
695,715.7255462
696,715.6544793
697,715.5833012
698,715.5120119
699,715.4406116
700,715.3691004
701,715.2974784
702,715.2257458
703,715.1539027
704,715.0819491
705,715.0098853
706,714.9377113
707,714.8654273
708,714.7930334
709,714.7205296
710,714.6479162
711,714.5751933
712,714.5023609
713,714.4294192
714,714.3563683
715,714.2832083
716,714.2099394
717,714.1365617
718,714.0630753
719,713.9894803
720,713.9157769
721,713.8419651
722,713.768045
723,713.6940169
724,713.6198808
725,713.5456369
726,713.4712852
727,713.3968259
728,713.3222591
729,713.2475849
730,713.1728035
731,713.0979149
732,713.0229193
733,712.9478168
734,712.8726076
735,712.7972917
736,712.7218692
737,712.6463404
738,712.5707052
739,712.4949639
740,712.4191165
741,712.3431632
742,712.2671041
743,712.1909392
744,712.1146688
745,712.0382929
746,711.9618117
747,711.8852253
748,711.8085337
749,711.7317372
750,711.6548358
751,711.5778297
752,711.5007189
753,711.4235037
754,711.346184
755,711.2687601
756,711.191232
757,711.1135999
758,711.0358638
759,710.958024
760,710.8800805
761,710.8020334
762,710.7238829
763,710.645629
764,710.567272
765,710.4888118
766,710.4102487
767,710.3315827
768,710.252814
769,710.1739427
770,710.0949689
771,710.0158927
772,709.9367142
773,709.8574336
774,709.7780509
775,709.6985663
776,709.6189799
777,709.5392919
778,709.4595023
779,709.3796112
780,709.2996188
781,709.2195252
782,709.1393305
783,709.0590348
784,708.9786382
785,708.8981409
786,708.817543
787,708.7368445
788,708.6560457
789,708.5751465
790,708.4941472
791,708.4130479
792,708.3318486
793,708.2505495
794,708.1691507
795,708.0876523
796,708.0060544
797,707.9243572
798,707.8425608
799,707.7606652
800,707.6786706
801,707.5965771
802,707.5143848
803,707.4320939
804,707.3497044
805,707.2672165
806,707.1846303
807,707.1019459
808,707.0191633
809,706.9362829
810,706.8533045
811,706.7702284
812,706.6870547
813,706.6037834
814,706.5204148
815,706.4369489
816,706.3533858
817,706.2697256
818,706.1859685
819,706.1021146
820,706.018164
821,705.9341167
822,705.849973
823,705.7657329
824,705.6813965
825,705.596964
826,705.5124355
827,705.427811
828,705.3430908
829,705.2582748
830,705.1733633
831,705.0883563
832,705.0032539
833,704.9180563
834,704.8327636
835,704.7473759
836,704.6618933
837,704.5763159
838,704.4906438
839,704.4048771
840,704.319016
841,704.2330606
842,704.1470109
843,704.0608672
844,703.9746294
845,703.8882978
846,703.8018723
847,703.7153533
848,703.6287406
849,703.5420346
850,703.4552352
851,703.3683425
852,703.2813568
853,703.1942781
854,703.1071066
855,703.0198422
856,702.9324852
857,702.8450357
858,702.7574937
859,702.6698594
860,702.5821329
861,702.4943143
862,702.4064037
863,702.3184012
864,702.230307
865,702.1421211
866,702.0538437
867,701.9654748
868,701.8770147
869,701.7884633
870,701.6998208
871,701.6110873
872,701.5222629
873,701.4333478
874,701.344342
875,701.2552457
876,701.1660589
877,701.0767818
878,700.9874145
879,700.8979571
880,700.8084097
881,700.7187724
882,700.6290453
883,700.5392285
884,700.4493222
885,700.3593265
886,700.2692414
887,700.179067
888,700.0888036
889,699.9984511
890,699.9080098
891,699.8174796
892,699.7268608
893,699.6361533
894,699.5453575
895,699.4544732
896,699.3635007
897,699.2724401
898,699.1812915
899,699.0900549
900,698.9987305
901,698.9073184
902,698.8158187
903,698.7242315
904,698.632557
905,698.5407951
906,698.4489462
907,698.3570101
908,698.2649871
909,698.1728773
910,698.0806807
911,697.9883975
912,697.8960278
913,697.8035717
914,697.7110293
915,697.6184007
916,697.525686
917,697.4328853
918,697.3399988
919,697.2470265
920,697.1539685
921,697.060825
922,696.967596
923,696.8742817
924,696.7808822
925,696.6873976
926,696.5938279
927,696.5001734
928,696.406434
929,696.3126099
930,696.2187013
931,696.1247082
932,696.0306306
933,695.9364689
934,695.8422229
935,695.7478929
936,695.653479
937,695.5589812
938,695.4643997
939,695.3697345
940,695.2749858
941,695.1801537
942,695.0852383
943,694.9902396
944,694.8951579
945,694.7999931
946,694.7047455
947,694.6094151
948,694.514002
949,694.4185063
950,694.3229281
951,694.2272676
952,694.1315248
953,694.0356998
954,693.9397928
955,693.8438039
956,693.7477331
957,693.6515806
958,693.5553464
959,693.4590307
960,693.3626336
961,693.2661551
962,693.1695954
963,693.0729547
964,692.9762329
965,692.8794302
966,692.7825467
967,692.6855825
968,692.5885377
969,692.4914125
970,692.3942068
971,692.2969209
972,692.1995548
973,692.1021086
974,692.0045824
975,691.9069764
976,691.8092906
977,691.7115252
978,691.6136802
979,691.5157557
980,691.4177519
981,691.3196688
982,691.2215066
983,691.1232654
984,691.0249452
985,690.9265462
986,690.8280684
987,690.729512
988,690.6308771
989,690.5321638
990,690.4333721
991,690.3345022
992,690.2355542
993,690.1365282
994,690.0374242
995,689.9382424
996,689.838983
997,689.7396459
998,689.6402313
999,689.5407393
1000,689.44117
1001,689.3415235
1002,689.2417999
1003,689.1419993
1004,689.0421218
1005,688.9421675
1006,688.8421365
1007,688.7420289
1008,688.6418448
1009,688.5415843
1010,688.4412476
1011,688.3408346
1012,688.2403455
1013,688.1397805
1014,688.0391396
1015,687.9384229
1016,687.8376305
1017,687.7367625
1018,687.635819
1019,687.5348001
1020,687.433706
1021,687.3325367
1022,687.2312922
1023,687.1299728
1024,687.0285786
1025,686.9271095
1026,686.8255657
1027,686.7239474
1028,686.6222546
1029,686.5204874
1030,686.4186459
1031,686.3167302
1032,686.2147404
1033,686.1126767
1034,686.010539
1035,685.9083276
1036,685.8060425
1037,685.7036837
1038,685.6012515
1039,685.4987459
1040,685.396167
1041,685.293515
1042,685.1907898
1043,685.0879916
1044,684.9851205
1045,684.8821766
1046,684.7791601
1047,684.6760709
1048,684.5729092
1049,684.4696751
1050,684.3663687
1051,684.2629901
1052,684.1595394
1053,684.0560166
1054,683.952422
1055,683.8487555
1056,683.7450173
1057,683.6412075
1058,683.5373262
1059,683.4333734
1060,683.3293493
1061,683.225254
1062,683.1210875
1063,683.0168501
1064,682.9125416
1065,682.8081623
1066,682.7037123
1067,682.5991917
1068,682.4946004
1069,682.3899388
1070,682.2852067
1071,682.1804044
1072,682.075532
1073,681.9705894
1074,681.865577
1075,681.7604946
1076,681.6553424
1077,681.5501206
1078,681.4448292
1079,681.3394683
1080,681.234038
1081,681.1285384
1082,681.0229696
1083,680.9173317
1084,680.8116248
1085,680.705849
1086,680.6000044
1087,680.494091
1088,680.3881091
1089,680.2820585
1090,680.1759396
1091,680.0697523
1092,679.9634968
1093,679.8571731
1094,679.7507814
1095,679.6443217
1096,679.5377942
1097,679.4311989
1098,679.3245359
1099,679.2178053
1100,679.1110073
1101,679.0041418
1102,678.8972091
1103,678.7902092
1104,678.6831421
1105,678.5760081
1106,678.4688071
1107,678.3615393
1108,678.2542048
1109,678.1468037
1110,678.039336
1111,677.9318019
1112,677.8242014
1113,677.7165347
1114,677.6088018
1115,677.5010028
1116,677.3931379
1117,677.2852071
1118,677.1772105
1119,677.0691482
1120,676.9610203
1121,676.8528269
1122,676.744568
1123,676.6362439
1124,676.5278545
1125,676.4194
1126,676.3108804
1127,676.2022959
1128,676.0936466
1129,675.9849325
1130,675.8761537
1131,675.7673103
1132,675.6584024
1133,675.5494302
1134,675.4403936
1135,675.3312929
1136,675.222128
1137,675.1128991
1138,675.0036063
1139,674.8942496
1140,674.7848292
1141,674.6753451
1142,674.5657975
1143,674.4561864
1144,674.3465119
1145,674.2367742
1146,674.1269732
1147,674.0171091
1148,673.9071821
1149,673.7971921
1150,673.6871392
1151,673.5770237
1152,673.4668454
1153,673.3566047
1154,673.2463014
1155,673.1359358
1156,673.0255079
1157,672.9150178
1158,672.8044656
1159,672.6938514
1160,672.5831753
1161,672.4724374
1162,672.3616377
1163,672.2507763
1164,672.1398534
1165,672.0288691
1166,671.9178233
1167,671.8067163
1168,671.6955481
1169,671.5843187
1170,671.4730284
1171,671.3616771
1172,671.250265
1173,671.1387921
1174,671.0272586
1175,670.9156645
1176,670.80401
1177,670.692295
1178,670.5805198
1179,670.4686843
1180,670.3567887
1181,670.2448331
1182,670.1328175
1183,670.0207421
1184,669.908607
1185,669.7964121
1186,669.6841577
1187,669.5718438
1188,669.4594704
1189,669.3470378
1190,669.2345459
1191,669.1219948
1192,669.0093847
1193,668.8967157
1194,668.7839877
1195,668.671201
1196,668.5583556
1197,668.4454516
1198,668.332489
1199,668.219468
1200,668.1063887
1201,667.9932511
1202,667.8800553
1203,667.7668014
1204,667.6534896
1205,667.5401198
1206,667.4266922
1207,667.3132069
1208,667.1996639
1209,667.0860634
1210,666.9724053
1211,666.8586899
1212,666.7449173
1213,666.6310873
1214,666.5172003
1215,666.4032562
1216,666.2892552
1217,666.1751973
1218,666.0610827
1219,665.9469113
1220,665.8326834
1221,665.7183989
1222,665.604058
1223,665.4896607
1224,665.3752072
1225,665.2606975
1226,665.1461318
1227,665.03151
1228,664.9168323
1229,664.8020988
1230,664.6873095
1231,664.5724646
1232,664.4575642
1233,664.3426082
1234,664.2275968
1235,664.1125301
1236,663.9974082
1237,663.8822312
1238,663.7669991
1239,663.651712
1240,663.53637
1241,663.4209732
1242,663.3055218
1243,663.1900156
1244,663.074455
1245,662.9588398
1246,662.8431703
1247,662.7274465
1248,662.6116685
1249,662.4958364
1250,662.3799502
1251,662.2640101
1252,662.1480161
1253,662.0319683
1254,661.9158668
1255,661.7997117
1256,661.683503
1257,661.567241
1258,661.4509255
1259,661.3345568
1260,661.2181348
1261,661.1016598
1262,660.9851317
1263,660.8685507
1264,660.7519168
1265,660.6352301
1266,660.5184908
1267,660.4016988
1268,660.2848543
1269,660.1679573
1270,660.051008
1271,659.9340064
1272,659.8169526
1273,659.6998467
1274,659.5826887
1275,659.4654789
1276,659.3482171
1277,659.2309036
1278,659.1135383
1279,658.9961215
1280,658.8786531
1281,658.7611332
1282,658.643562
1283,658.5259395
1284,658.4082658
1285,658.2905409
1286,658.172765
1287,658.0549382
1288,657.9370604
1289,657.8191319
1290,657.7011527
1291,657.5831228
1292,657.4650424
1293,657.3469115
1294,657.2287302
1295,657.1104986
1296,656.9922168
1297,656.8738848
1298,656.7555028
1299,656.6370708
1300,656.5185889
1301,656.4000572
1302,656.2814757
1303,656.1628446
1304,656.0441639
1305,655.9254337
1306,655.806654
1307,655.6878251
1308,655.5689469
1309,655.4500195
1310,655.331043
1311,655.2120175
1312,655.0929431
1313,654.9738198
1314,654.8546477
1315,654.735427
1316,654.6161576
1317,654.4968397
1318,654.3774733
1319,654.2580586
1320,654.1385956
1321,654.0190844
1322,653.899525
1323,653.7799176
1324,653.6602622
1325,653.5405588
1326,653.4208077
1327,653.3010089
1328,653.1811623
1329,653.0612682
1330,652.9413266
1331,652.8213376
1332,652.7013013
1333,652.5812176
1334,652.4610868
1335,652.3409089
1336,652.2206839
1337,652.100412
1338,651.9800932
1339,651.8597277
1340,651.7393154
1341,651.6188565
1342,651.498351
1343,651.377799
1344,651.2572007
1345,651.136556
1346,651.015865
1347,650.8951279
1348,650.7743447
1349,650.6535155
1350,650.5326404
1351,650.4117194
1352,650.2907526
1353,650.1697401
1354,650.048682
1355,649.9275784
1356,649.8064292
1357,649.6852347
1358,649.5639949
1359,649.4427098
1360,649.3213795
1361,649.2000042
1362,649.0785839
1363,648.9571186
1364,648.8356085
1365,648.7140535
1366,648.5924539
1367,648.4708097
1368,648.3491209
1369,648.2273876
1370,648.10561
1371,647.983788
1372,647.8619218
1373,647.7400114
1374,647.6180569
1375,647.4960584
1376,647.3740159
1377,647.2519296
1378,647.1297995
1379,647.0076257
1380,646.8854083
1381,646.7631472
1382,646.6408427
1383,646.5184948
1384,646.3961036
1385,646.273669
1386,646.1511913
1387,646.0286705
1388,645.9061067
1389,645.7834999
1390,645.6608502
1391,645.5381577
1392,645.4154224
1393,645.2926445
1394,645.169824
1395,645.046961
1396,644.9240555
1397,644.8011077
1398,644.6781176
1399,644.5550853
1400,644.4320108
1401,644.3088943
1402,644.1857358
1403,644.0625353
1404,643.939293
1405,643.816009
1406,643.6926832
1407,643.5693158
1408,643.4459069
1409,643.3224565
1410,643.1989647
1411,643.0754316
1412,642.9518572
1413,642.8282416
1414,642.7045849
1415,642.5808872
1416,642.4571485
1417,642.3333689
1418,642.2095485
1419,642.0856873
1420,641.9617855
1421,641.8378431
1422,641.7138601
1423,641.5898367
1424,641.465773
1425,641.3416689
1426,641.2175246
1427,641.0933401
1428,640.9691155
1429,640.8448509
1430,640.7205463
1431,640.5962019
1432,640.4718177
1433,640.3473937
1434,640.2229301
1435,640.0984269
1436,639.9738842
1437,639.849302
1438,639.7246805
1439,639.6000196
1440,639.4753196
1441,639.3505803
1442,639.225802
1443,639.1009847
1444,638.9761284
1445,638.8512332
1446,638.7262993
1447,638.6013266
1448,638.4763152
1449,638.3512653
1450,638.2261769
1451,638.1010499
1452,637.9758847
1453,637.8506811
1454,637.7254392
1455,637.6001592
1456,637.4748412
1457,637.349485
1458,637.224091
1459,637.098659
1460,636.9731892
1461,636.8476817
1462,636.7221365
1463,636.5965537
1464,636.4709334
1465,636.3452756
1466,636.2195804
1467,636.0938479
1468,635.9680781
1469,635.8422711
1470,635.716427
1471,635.5905459
1472,635.4646278
1473,635.3386727
1474,635.2126809
1475,635.0866522
1476,634.9605869
1477,634.8344849
1478,634.7083463
1479,634.5821713
1480,634.4559598
1481,634.329712
1482,634.2034279
1483,634.0771075
1484,633.950751
1485,633.8243584
1486,633.6979298
1487,633.5714653
1488,633.4449649
1489,633.3184286
1490,633.1918566
1491,633.0652489
1492,632.9386057
1493,632.8119268
1494,632.6852126
1495,632.5584629
1496,632.4316778
1497,632.3048575
1498,632.178002
1499,632.0511113
1500,631.9241856
1501,631.7972249
1502,631.6702293
1503,631.5431987
1504,631.4161334
1505,631.2890334
1506,631.1618986
1507,631.0347293
1508,630.9075255
1509,630.7802871
1510,630.6530144
1511,630.5257074
1512,630.3983661
1513,630.2709905
1514,630.1435809
1515,630.0161372
1516,629.8886595
1517,629.7611478
1518,629.6336023
1519,629.506023
1520,629.3784099
1521,629.2507632
1522,629.1230828
1523,628.995369
1524,628.8676216
1525,628.7398408
1526,628.6120267
1527,628.4841794
1528,628.3562988
1529,628.228385
1530,628.1004382
1531,627.9724584
1532,627.8444456
1533,627.7164
1534,627.5883215
1535,627.4602102
1536,627.3320663
1537,627.2038897
1538,627.0756806
1539,626.947439
1540,626.8191649
1541,626.6908585
1542,626.5625198
1543,626.4341488
1544,626.3057457
1545,626.1773105
1546,626.0488432
1547,625.9203439
1548,625.7918127
1549,625.6632497
1550,625.5346548
1551,625.4060283
1552,625.27737
1553,625.1486802
1554,625.0199589
1555,624.891206
1556,624.7624218
1557,624.6336062
1558,624.5047594
1559,624.3758813
1560,624.246972
1561,624.1180317
1562,623.9890604
1563,623.860058
1564,623.7310248
1565,623.6019608
1566,623.4728659
1567,623.3437404
1568,623.2145841
1569,623.0853973
1570,622.95618
1571,622.8269322
1572,622.697654
1573,622.5683455
1574,622.4390067
1575,622.3096377
1576,622.1802385
1577,622.0508092
1578,621.92135
1579,621.7918607
1580,621.6623415
1581,621.5327925
1582,621.4032137
1583,621.2736052
1584,621.143967
1585,621.0142993
1586,620.884602
1587,620.7548752
1588,620.625119
1589,620.4953334
1590,620.3655186
1591,620.2356745
1592,620.1058013
1593,619.975899
1594,619.8459676
1595,619.7160072
1596,619.5860179
1597,619.4559997
1598,619.3259528
1599,619.1958771
1600,619.0657727
1601,618.9356397
1602,618.8054781
1603,618.675288
1604,618.5450695
1605,618.4148226
1606,618.2845473
1607,618.1542438
1608,618.0239122
1609,617.8935523
1610,617.7631644
1611,617.6327485
1612,617.5023046
1613,617.3718328
1614,617.2413331
1615,617.1108057
1616,616.9802505
1617,616.8496677
1618,616.7190573
1619,616.5884193
1620,616.4577538
1621,616.3270609
1622,616.1963406
1623,616.0655931
1624,615.9348182
1625,615.8040162
1626,615.673187
1627,615.5423308
1628,615.4114475
1629,615.2805373
1630,615.1496002
1631,615.0186362
1632,614.8876455
1633,614.756628
1634,614.6255839
1635,614.4945131
1636,614.3634158
1637,614.232292
1638,614.1011418
1639,613.9699652
1640,613.8387622
1641,613.707533
1642,613.5762776
1643,613.4449961
1644,613.3136884
1645,613.1823548
1646,613.0509951
1647,612.9196095
1648,612.7881981
1649,612.6567608
1650,612.5252979
1651,612.3938092
1652,612.2622949
1653,612.130755
1654,611.9991896
1655,611.8675987
1656,611.7359824
1657,611.6043408
1658,611.4726738
1659,611.3409817
1660,611.2092643
1661,611.0775218
1662,610.9457543
1663,610.8139617
1664,610.6821442
1665,610.5503018
1666,610.4184345
1667,610.2865425
1668,610.1546257
1669,610.0226842
1670,609.8907182
1671,609.7587275
1672,609.6267124
1673,609.4946727
1674,609.3626087
1675,609.2305204
1676,609.0984077
1677,608.9662708
1678,608.8341098
1679,608.7019246
1680,608.5697153
1681,608.437482
1682,608.3052248
1683,608.1729437
1684,608.0406387
1685,607.9083099
1686,607.7759574
1687,607.6435812
1688,607.5111813
1689,607.3787579
1690,607.246311
1691,607.1138406
1692,606.9813467
1693,606.8488295
1694,606.716289
1695,606.5837253
1696,606.4511383
1697,606.3185282
1698,606.1858951
1699,606.0532388
1700,605.9205596
1701,605.7878575
1702,605.6551325
1703,605.5223846
1704,605.389614
1705,605.2568207
1706,605.1240047
1707,604.9911661
1708,604.8583049
1709,604.7254212
1710,604.5925151
1711,604.4595866
1712,604.3266357
1713,604.1936625
1714,604.0606671
1715,603.9276495
1716,603.7946098
1717,603.661548
1718,603.5284641
1719,603.3953583
1720,603.2622305
1721,603.1290809
1722,602.9959094
1723,602.8627162
1724,602.7295013
1725,602.5962647
1726,602.4630064
1727,602.3297266
1728,602.1964253
1729,602.0631026
1730,601.9297584
1731,601.7963929
1732,601.663006
1733,601.5295979
1734,601.3961686
1735,601.2627182
1736,601.1292466
1737,600.995754
1738,600.8622404
1739,600.7287059
1740,600.5951504
1741,600.4615741
1742,600.327977
1743,600.1943592
1744,600.0607207
1745,599.9270615
1746,599.7933817
1747,599.6596814
1748,599.5259606
1749,599.3922193
1750,599.2584577
1751,599.1246757
1752,598.9908734
1753,598.8570509
1754,598.7232082
1755,598.5893453
1756,598.4554624
1757,598.3215594
1758,598.1876364
1759,598.0536934
1760,597.9197306
1761,597.7857479
1762,597.6517455
1763,597.5177232
1764,597.3836813
1765,597.2496197
1766,597.1155386
1767,596.9814378
1768,596.8473176
1769,596.7131779
1770,596.5790189
1771,596.4448404
1772,596.3106427
1773,596.1764257
1774,596.0421895
1775,595.9079341
1776,595.7736596
1777,595.639366
1778,595.5050535
1779,595.3707219
1780,595.2363715
1781,595.1020021
1782,594.967614
1783,594.833207
1784,594.6987814
1785,594.564337
1786,594.4298741
1787,594.2953925
1788,594.1608924
1789,594.0263738
1790,593.8918368
1791,593.7572813
1792,593.6227075
1793,593.4881154
1794,593.3535051
1795,593.2188766
1796,593.0842299
1797,592.949565
1798,592.8148821
1799,592.6801812
1800,592.5454624
1801,592.4107255
1802,592.2759709
1803,592.1411983
1804,592.006408
1805,591.8716
1806,591.7367742
1807,591.6019308
1808,591.4670698
1809,591.3321913
1810,591.1972952
1811,591.0623817
1812,590.9274507
1813,590.7925024
1814,590.6575368
1815,590.5225539
1816,590.3875537
1817,590.2525364
1818,590.1175019
1819,589.9824503
1820,589.8473816
1821,589.712296
1822,589.5771933
1823,589.4420738
1824,589.3069374
1825,589.1717842
1826,589.0366141
1827,588.9014274
1828,588.7662239
1829,588.6310038
1830,588.4957671
1831,588.3605139
1832,588.2252441
1833,588.0899578
1834,587.9546552
1835,587.8193361
1836,587.6840007
1837,587.548649
1838,587.4132811
1839,587.2778969
1840,587.1424966
1841,587.0070802
1842,586.8716477
1843,586.7361992
1844,586.6007347
1845,586.4652542
1846,586.3297579
1847,586.1942457
1848,586.0587177
1849,585.9231739
1850,585.7876144
1851,585.6520392
1852,585.5164483
1853,585.3808419
1854,585.2452199
1855,585.1095824
1856,584.9739295
1857,584.8382611
1858,584.7025773
1859,584.5668782
1860,584.4311638
1861,584.2954341
1862,584.1596893
1863,584.0239292
1864,583.8881541
1865,583.7523638
1866,583.6165585
1867,583.4807382
1868,583.344903
1869,583.2090528
1870,583.0731878
1871,582.9373079
1872,582.8014132
1873,582.6655038
1874,582.5295797
1875,582.3936409
1876,582.2576875
1877,582.1217195
1878,581.985737
1879,581.84974
1880,581.7137285
1881,581.5777025
1882,581.4416623
1883,581.3056076
1884,581.1695387
1885,581.0334555
1886,580.8973582
1887,580.7612466
1888,580.6251209
1889,580.4889811
1890,580.3528273
1891,580.2166594
1892,580.0804776
1893,579.9442819
1894,579.8080722
1895,579.6718488
1896,579.5356115
1897,579.3993604
1898,579.2630956
1899,579.1268171
1900,578.990525
1901,578.8542193
1902,578.7179
1903,578.5815671
1904,578.4452208
1905,578.308861
1906,578.1724878
1907,578.0361013
1908,577.8997014
1909,577.7632882
1910,577.6268617
1911,577.4904221
1912,577.3539692
1913,577.2175033
1914,577.0810242
1915,576.9445321
1916,576.8080269
1917,576.6715088
1918,576.5349777
1919,576.3984337
1920,576.2618769
1921,576.1253072
1922,575.9887247
1923,575.8521295
1924,575.7155215
1925,575.5789009
1926,575.4422677
1927,575.3056218
1928,575.1689634
1929,575.0322925
1930,574.8956091
1931,574.7589132
1932,574.6222049
1933,574.4854843
1934,574.3487513
1935,574.212006
1936,574.0752484
1937,573.9384787
1938,573.8016967
1939,573.6649026
1940,573.5280964
1941,573.3912781
1942,573.2544477
1943,573.1176054
1944,572.9807511
1945,572.8438849
1946,572.7070068
1947,572.5701168
1948,572.433215
1949,572.2963014
1950,572.1593761
1951,572.0224391
1952,571.8854904
1953,571.7485301
1954,571.6115581
1955,571.4745746
1956,571.3375796
1957,571.2005731
1958,571.0635551
1959,570.9265257
1960,570.789485
1961,570.6524328
1962,570.5153694
1963,570.3782947
1964,570.2412087
1965,570.1041116
1966,569.9670032
1967,569.8298837
1968,569.6927532
1969,569.5556115
1970,569.4184588
1971,569.2812952
1972,569.1441205
1973,569.006935
1974,568.8697385
1975,568.7325312
1976,568.5953131
1977,568.4580842
1978,568.3208445
1979,568.1835941
1980,568.046333
1981,567.9090613
1982,567.771779
1983,567.634486
1984,567.4971826
1985,567.3598686
1986,567.2225441
1987,567.0852092
1988,566.9478639
1989,566.8105082
1990,566.6731421
1991,566.5357658
1992,566.3983791
1993,566.2609822
1994,566.1235751
1995,565.9861579
1996,565.8487305
1997,565.7112929
1998,565.5738453
1999,565.4363877
2000,565.29892
2001,565.1614424
2002,565.0239548
2003,564.8864573
2004,564.7489499
2005,564.6114326
2006,564.4739056
2007,564.3363688
2008,564.1988222
2009,564.0612659
2010,563.9236999
2011,563.7861242
2012,563.648539
2013,563.5109441
2014,563.3733397
2015,563.2357258
2016,563.0981023
2017,562.9604694
2018,562.8228271
2019,562.6851754
2020,562.5475143
2021,562.4098438
2022,562.2721641
2023,562.1344751
2024,561.9967769
2025,561.8590694
2026,561.7213528
2027,561.583627
2028,561.4458921
2029,561.3081481
2030,561.170395
2031,561.032633
2032,560.8948619
2033,560.7570819
2034,560.6192929
2035,560.481495
2036,560.3436883
2037,560.2058727
2038,560.0680484
2039,559.9302152
2040,559.7923733
2041,559.6545226
2042,559.5166633
2043,559.3787953
2044,559.2409187
2045,559.1030335
2046,558.9651397
2047,558.8272374
2048,558.6893266
2049,558.5514073
2050,558.4134795
2051,558.2755433
2052,558.1375987
2053,557.9996458
2054,557.8616845
2055,557.7237149
2056,557.585737
2057,557.4477509
2058,557.3097566
2059,557.1717541
2060,557.0337434
2061,556.8957246
2062,556.7576977
2063,556.6196627
2064,556.4816197
2065,556.3435687
2066,556.2055096
2067,556.0674426
2068,555.9293677
2069,555.7912849
2070,555.6531942
2071,555.5150956
2072,555.3769893
2073,555.2388751
2074,555.1007532
2075,554.9626235
2076,554.8244862
2077,554.6863411
2078,554.5481884
2079,554.4100281
2080,554.2718602
2081,554.1336847
2082,553.9955016
2083,553.8573111
2084,553.7191131
2085,553.5809076
2086,553.4426946
2087,553.3044743
2088,553.1662466
2089,553.0280115
2090,552.8897691
2091,552.7515194
2092,552.6132624
2093,552.4749982
2094,552.3367267
2095,552.1984481
2096,552.0601623
2097,551.9218694
2098,551.7835693
2099,551.6452621
2100,551.5069479
2101,551.3686267
2102,551.2302984
2103,551.0919632
2104,550.953621
2105,550.8152719
2106,550.6769158
2107,550.5385529
2108,550.4001831
2109,550.2618065
2110,550.1234231
2111,549.9850329
2112,549.8466359
2113,549.7082323
2114,549.5698219
2115,549.4314048
2116,549.2929811
2117,549.1545507
2118,549.0161138
2119,548.8776703
2120,548.7392202
2121,548.6007635
2122,548.4623004
2123,548.3238308
2124,548.1853548
2125,548.0468723
2126,547.9083834
2127,547.7698881
2128,547.6313864
2129,547.4928784
2130,547.3543641
2131,547.2158436
2132,547.0773167
2133,546.9387836
2134,546.8002443
2135,546.6616988
2136,546.5231472
2137,546.3845894
2138,546.2460254
2139,546.1074554
2140,545.9688793
2141,545.8302971
2142,545.691709
2143,545.5531148
2144,545.4145146
2145,545.2759085
2146,545.1372964
2147,544.9986784
2148,544.8600545
2149,544.7214248
2150,544.5827892
2151,544.4441478
2152,544.3055006
2153,544.1668476
2154,544.0281889
2155,543.8895244
2156,543.7508542
2157,543.6121783
2158,543.4734968
2159,543.3348096
2160,543.1961168
2161,543.0574184
2162,542.9187144
2163,542.7800049
2164,542.6412898
2165,542.5025692
2166,542.3638431
2167,542.2251115
2168,542.0863745
2169,541.9476321
2170,541.8088843
2171,541.670131
2172,541.5313724
2173,541.3926085
2174,541.2538392
2175,541.1150647
2176,540.9762849
2177,540.8374998
2178,540.6987094
2179,540.5599139
2180,540.4211131
2181,540.2823072
2182,540.1434961
2183,540.0046799
2184,539.8658585
2185,539.7270321
2186,539.5882006
2187,539.449364
2188,539.3105224
2189,539.1716758
2190,539.0328242
2191,538.8939676
2192,538.7551061
2193,538.6162396
2194,538.4773682
2195,538.3384919
2196,538.1996108
2197,538.0607247
2198,537.9218339
2199,537.7829382
2200,537.6440377
2201,537.5051324
2202,537.3662224
2203,537.2273077
2204,537.0883882
2205,536.949464
2206,536.8105351
2207,536.6716015
2208,536.5326633
2209,536.3937205
2210,536.2547731
2211,536.115821
2212,535.9768644
2213,535.8379033
2214,535.6989376
2215,535.5599673
2216,535.4209926
2217,535.2820134
2218,535.1430297
2219,535.0040416
2220,534.8650491
2221,534.7260521
2222,534.5870507
2223,534.448045
2224,534.3090349
2225,534.1700205
2226,534.0310017
2227,533.8919786
2228,533.7529513
2229,533.6139197
2230,533.4748838
2231,533.3358437
2232,533.1967993
2233,533.0577508
2234,532.918698
2235,532.7796411
2236,532.6405801
2237,532.5015149
2238,532.3624456
2239,532.2233721
2240,532.0842946
2241,531.945213
2242,531.8061274
2243,531.6670377
2244,531.527944
2245,531.3888463
2246,531.2497447
2247,531.110639
2248,530.9715294
2249,530.8324158
2250,530.6932983
2251,530.5541769
2252,530.4150516
2253,530.2759224
2254,530.1367894
2255,529.9976525
2256,529.8585118
2257,529.7193673
2258,529.5802189
2259,529.4410668
2260,529.3019109
2261,529.1627512
2262,529.0235878
2263,528.8844207
2264,528.7452499
2265,528.6060753
2266,528.4668971
2267,528.3277152
2268,528.1885297
2269,528.0493405
2270,527.9101477
2271,527.7709513
2272,527.6317512
2273,527.4925476
2274,527.3533405
2275,527.2141298
2276,527.0749155
2277,526.9356977
2278,526.7964764
2279,526.6572516
2280,526.5180233
2281,526.3787916
2282,526.2395564
2283,526.1003177
2284,525.9610756
2285,525.8218301
2286,525.6825812
2287,525.5433289
2288,525.4040733
2289,525.2648142
2290,525.1255518
2291,524.9862861
2292,524.8470171
2293,524.7077447
2294,524.568469
2295,524.4291901
2296,524.2899079
2297,524.1506224
2298,524.0113336
2299,523.8720417
2300,523.7327465
2301,523.593448
2302,523.4541464
2303,523.3148416
2304,523.1755337
2305,523.0362225
2306,522.8969082
2307,522.7575908
2308,522.6182702
2309,522.4789466
2310,522.3396198
2311,522.2002899
2312,522.060957
2313,521.9216209
2314,521.7822819
2315,521.6429397
2316,521.5035946
2317,521.3642464
2318,521.2248952
2319,521.0855409
2320,520.9461837
2321,520.8068236
2322,520.6674604
2323,520.5280943
2324,520.3887252
2325,520.2493532
2326,520.1099783
2327,519.9706005
2328,519.8312197
2329,519.6918361
2330,519.5524495
2331,519.4130601
2332,519.2736678
2333,519.1342727
2334,518.9948747
2335,518.8554739
2336,518.7160703
2337,518.5766638
2338,518.4372546
2339,518.2978425
2340,518.1584277
2341,518.0190101
2342,517.8795897
2343,517.7401665
2344,517.6007406
2345,517.461312
2346,517.3218806
2347,517.1824466
2348,517.0430098
2349,516.9035702
2350,516.7641281
2351,516.6246832
2352,516.4852356
2353,516.3457854
2354,516.2063325
2355,516.066877
2356,515.9274188
2357,515.787958
2358,515.6484945
2359,515.5090285
2360,515.3695598
2361,515.2300885
2362,515.0906147
2363,514.9511382
2364,514.8116592
2365,514.6721776
2366,514.5326934
2367,514.3932067
2368,514.2537175
2369,514.1142257
2370,513.9747314
2371,513.8352345
2372,513.6957352
2373,513.5562333
2374,513.4167289
2375,513.2772221
2376,513.1377127
2377,512.9982009
2378,512.8586866
2379,512.7191698
2380,512.5796506
2381,512.4401289
2382,512.3006048
2383,512.1610782
2384,512.0215492
2385,511.8820178
2386,511.7424839
2387,511.6029477
2388,511.463409
2389,511.323868
2390,511.1843245
2391,511.0447787
2392,510.9052304
2393,510.7656798
2394,510.6261269
2395,510.4865715
2396,510.3470138
2397,510.2074538
2398,510.0678914
2399,509.9283266
2400,509.7887596
2401,509.6491901
2402,509.5096184
2403,509.3700444
2404,509.230468
2405,509.0908893
2406,508.9513083
2407,508.8117251
2408,508.6721395
2409,508.5325516
2410,508.3929615
2411,508.253369
2412,508.1137743
2413,507.9741773
2414,507.8345781
2415,507.6949766
2416,507.5553728
2417,507.4157668
2418,507.2761585
2419,507.136548
2420,506.9969352
2421,506.8573202
2422,506.717703
2423,506.5780836
2424,506.4384619
2425,506.298838
2426,506.1592118
2427,506.0195835
2428,505.879953
2429,505.7403202
2430,505.6006852
2431,505.4610481
2432,505.3214087
2433,505.1817672
2434,505.0421234
2435,504.9024775
2436,504.7628294
2437,504.6231791
2438,504.4835266
2439,504.343872
2440,504.2042152
2441,504.0645562
2442,503.924895
2443,503.7852317
2444,503.6455662
2445,503.5058985
2446,503.3662287
2447,503.2265567
2448,503.0868826
2449,502.9472063
2450,502.8075279
2451,502.6678473
2452,502.5281646
2453,502.3884798
2454,502.2487928
2455,502.1091036
2456,501.9694123
2457,501.8297189
2458,501.6900233
2459,501.5503257
2460,501.4106258
2461,501.2709239
2462,501.1312198
2463,500.9915136
2464,500.8518052
2465,500.7120947
2466,500.5723821
2467,500.4326674
2468,500.2929506
2469,500.1532316
2470,500.0135105
2471,499.8737873
2472,499.7340619
2473,499.5943345
2474,499.4546049
2475,499.3148732
2476,499.1751393
2477,499.0354034
2478,498.8956653
2479,498.7559251
2480,498.6161828
2481,498.4764384
2482,498.3366918
2483,498.1969431
2484,498.0571924
2485,497.9174394
2486,497.7776844
2487,497.6379272
2488,497.4981679
2489,497.3584065
2490,497.218643
2491,497.0788773
2492,496.9391096
2493,496.7993397
2494,496.6595676
2495,496.5197934
2496,496.3800171
2497,496.2402387
2498,496.1004582
2499,495.9606755
2500,495.8208906
2501,495.6811037
2502,495.5413145
2503,495.4015233
2504,495.2617299
2505,495.1219344
2506,494.9821367
2507,494.8423369
2508,494.7025349
2509,494.5627308
2510,494.4229245
2511,494.2831161
2512,494.1433055
2513,494.0034927
2514,493.8636778
2515,493.7238608
2516,493.5840415
2517,493.4442201
2518,493.3043965
2519,493.1645708
2520,493.0247428
2521,492.8849127
2522,492.7450804
2523,492.6052459
2524,492.4654092
2525,492.3255704
2526,492.1857293
2527,492.0458861
2528,491.9060406
2529,491.7661929
2530,491.626343
2531,491.486491
2532,491.3466366
2533,491.2067801
2534,491.0669214
2535,490.9270604
2536,490.7871972
2537,490.6473317
2538,490.5074641
2539,490.3675941
2540,490.227722
2541,490.0878475
2542,489.9479709
2543,489.8080919
2544,489.6682107
2545,489.5283272
2546,489.3884415
2547,489.2485535
2548,489.1086632
2549,488.9687706
2550,488.8288757
2551,488.6889785
2552,488.549079
2553,488.4091772
2554,488.2692731
2555,488.1293667
2556,487.9894579
2557,487.8495468
2558,487.7096334
2559,487.5697177
2560,487.4297996
2561,487.2898791
2562,487.1499563
2563,487.0100312
2564,486.8701037
2565,486.7301737
2566,486.5902415
2567,486.4503068
2568,486.3103697
2569,486.1704303
2570,486.0304884
2571,485.8905442
2572,485.7505975
2573,485.6106484
2574,485.4706968
2575,485.3307429
2576,485.1907865
2577,485.0508276
2578,484.9108663
2579,484.7709025
2580,484.6309363
2581,484.4909675
2582,484.3509963
2583,484.2110226
2584,484.0710464
2585,483.9310677
2586,483.7910865
2587,483.6511028
2588,483.5111165
2589,483.3711277
2590,483.2311364
2591,483.0911425
2592,482.9511461
2593,482.8111471
2594,482.6711455
2595,482.5311413
2596,482.3911346
2597,482.2511252
2598,482.1111133
2599,481.9710987
2600,481.8310816
2601,481.6910617
2602,481.5510393
2603,481.4110142
2604,481.2709864
2605,481.130956
2606,480.9909229
2607,480.8508872
2608,480.7108487
2609,480.5708075
2610,480.4307637
2611,480.2907171
2612,480.1506678
2613,480.0106157
2614,479.8705609
2615,479.7305034
2616,479.5904431
2617,479.45038
2618,479.3103141
2619,479.1702455
2620,479.030174
2621,478.8900998
2622,478.7500227
2623,478.6099428
2624,478.46986
2625,478.3297744
2626,478.1896859
2627,478.0495946
2628,477.9095004
2629,477.7694033
2630,477.6293033
2631,477.4892003
2632,477.3490945
2633,477.2089857
2634,477.068874
2635,476.9287593
2636,476.7886417
2637,476.6485211
2638,476.5083975
2639,476.3682709
2640,476.2281413
2641,476.0880087
2642,475.947873
2643,475.8077343
2644,475.6675926
2645,475.5274477
2646,475.3872999
2647,475.2471489
2648,475.1069948
2649,474.9668376
2650,474.8266773
2651,474.6865139
2652,474.5463473
2653,474.4061775
2654,474.2660046
2655,474.1258285
2656,473.9856492
2657,473.8454667
2658,473.705281
2659,473.5650921
2660,473.4248999
2661,473.2847044
2662,473.1445057
2663,473.0043037
2664,472.8640984
2665,472.7238898
2666,472.5836779
2667,472.4434627
2668,472.3032441
2669,472.1630222
2670,472.0227969
2671,471.8825682
2672,471.7423361
2673,471.6021006
2674,471.4618616
2675,471.3216193
2676,471.1813734
2677,471.0411242
2678,470.9008714
2679,470.7606152
2680,470.6203554
2681,470.4800921
2682,470.3398253
2683,470.199555
2684,470.0592811
2685,469.9190036
2686,469.7787225
2687,469.6384378
2688,469.4981495
2689,469.3578576
2690,469.217562
2691,469.0772628
2692,468.9369599
2693,468.7966533
2694,468.6563429
2695,468.5160289
2696,468.3757112
2697,468.2353896
2698,468.0950644
2699,467.9547353
2700,467.8144025
2701,467.6740658
2702,467.5337253
2703,467.393381
2704,467.2530328
2705,467.1126807
2706,466.9723248
2707,466.831965
2708,466.6916012
2709,466.5512335
2710,466.4108619
2711,466.2704862
2712,466.1301067
2713,465.9897231
2714,465.8493355
2715,465.7089438
2716,465.5685481
2717,465.4281484
2718,465.2877446
2719,465.1473367
2720,465.0069246
2721,464.8665085
2722,464.7260882
2723,464.5856637
2724,464.4452351
2725,464.3048022
2726,464.1643652
2727,464.0239239
2728,463.8834784
2729,463.7430286
2730,463.6025745
2731,463.4621161
2732,463.3216535
2733,463.1811864
2734,463.0407151
2735,462.9002393
2736,462.7597592
2737,462.6192747
2738,462.4787858
2739,462.3382924
2740,462.1977945
2741,462.0572922
2742,461.9167854
2743,461.7762741
2744,461.6357583
2745,461.4952379
2746,461.3547129
2747,461.2141834
2748,461.0736492
2749,460.9331105
2750,460.7925671
2751,460.652019
2752,460.5114663
2753,460.3709088
2754,460.2303467
2755,460.0897798
2756,459.9492082
2757,459.8086318
2758,459.6680506
2759,459.5274646
2760,459.3868738
2761,459.2462781
2762,459.1056776
2763,458.9650721
2764,458.8244618
2765,458.6838465
2766,458.5432263
2767,458.4026012
2768,458.261971
2769,458.1213358
2770,457.9806956
2771,457.8400504
2772,457.6994001
2773,457.5587447
2774,457.4180842
2775,457.2774186
2776,457.1367479
2777,456.9960719
2778,456.8553908
2779,456.7147045
2780,456.574013
2781,456.4333162
2782,456.2926141
2783,456.1519067
2784,456.0111941
2785,455.8704761
2786,455.7297527
2787,455.589024
2788,455.4482899
2789,455.3075503
2790,455.1668053
2791,455.0260549
2792,454.885299
2793,454.7445376
2794,454.6037706
2795,454.4629981
2796,454.3222201
2797,454.1814364
2798,454.0406472
2799,453.8998523
2800,453.7590517
2801,453.6182455
2802,453.4774336
2803,453.3366159
2804,453.1957925
2805,453.0549634
2806,452.9141284
2807,452.7732877
2808,452.6324411
2809,452.4915886
2810,452.3507303
2811,452.2098661
2812,452.0689959
2813,451.9281198
2814,451.7872377
2815,451.6463497
2816,451.5054556
2817,451.3645555
2818,451.2236493
2819,451.082737
2820,450.9418187
2821,450.8008941
2822,450.6599635
2823,450.5190266
2824,450.3780836
2825,450.2371343
2826,450.0961788
2827,449.9552169
2828,449.8142488
2829,449.6732744
2830,449.5322936
2831,449.3913065
2832,449.2503129
2833,449.109313
2834,448.9683066
2835,448.8272937
2836,448.6862743
2837,448.5452484
2838,448.404216
2839,448.263177
2840,448.1221314
2841,447.9810792
2842,447.8400204
2843,447.6989548
2844,447.5578826
2845,447.4168037
2846,447.275718
2847,447.1346256
2848,446.9935264
2849,446.8524204
2850,446.7113075
2851,446.5701877
2852,446.4290611
2853,446.2879275
2854,446.146787
2855,446.0056395
2856,445.864485
2857,445.7233235
2858,445.582155
2859,445.4409793
2860,445.2997966
2861,445.1586068
2862,445.0174097
2863,444.8762056
2864,444.7349942
2865,444.5937755
2866,444.4525496
2867,444.3113165
2868,444.170076
2869,444.0288281
2870,443.887573
2871,443.7463104
2872,443.6050404
2873,443.4637629
2874,443.322478
2875,443.1811855
2876,443.0398856
2877,442.8985781
2878,442.757263
2879,442.6159403
2880,442.4746099
2881,442.3332719
2882,442.1919262
2883,442.0505728
2884,441.9092116
2885,441.7678426
2886,441.6264659
2887,441.4850813
2888,441.3436888
2889,441.2022885
2890,441.0608802
2891,440.919464
2892,440.7780398
2893,440.6366077
2894,440.4951674
2895,440.3537192
2896,440.2122628
2897,440.0707983
2898,439.9293257
2899,439.7878449
2900,439.6463559
2901,439.5048587
2902,439.3633532
2903,439.2218394
2904,439.0803173
2905,438.9387869
2906,438.7972481
2907,438.6557008
2908,438.5141452
2909,438.372581
2910,438.2310084
2911,438.0894273
2912,437.9478376
2913,437.8062393
2914,437.6646324
2915,437.5230168
2916,437.3813926
2917,437.2397597
2918,437.098118
2919,436.9564676
2920,436.8148083
2921,436.6731403
2922,436.5314634
2923,436.3897776
2924,436.2480829
2925,436.1063793
2926,435.9646666
2927,435.822945
2928,435.6812143
2929,435.5394746
2930,435.3977257
2931,435.2559677
2932,435.1142006
2933,434.9724242
2934,434.8306387
2935,434.6888439
2936,434.5470397
2937,434.4052263
2938,434.2634035
2939,434.1215714
2940,433.9797298
2941,433.8378788
2942,433.6960183
2943,433.5541483
2944,433.4122687
2945,433.2703796
2946,433.1284809
2947,432.9865725
2948,432.8446545
2949,432.7027267
2950,432.5607892
2951,432.418842
2952,432.276885
2953,432.1349181
2954,431.9929413
2955,431.8509547
2956,431.7089582
2957,431.5669516
2958,431.4249351
2959,431.2829086
2960,431.1408719
2961,430.9988252
2962,430.8567684
2963,430.7147014
2964,430.5726242
2965,430.4305368
2966,430.2884391
2967,430.1463312
2968,430.0042129
2969,429.8620842
2970,429.7199452
2971,429.5777957
2972,429.4356357
2973,429.2934653
2974,429.1512843
2975,429.0090928
2976,428.8668907
2977,428.7246779
2978,428.5824545
2979,428.4402203
2980,428.2979755
2981,428.1557198
2982,428.0134534
2983,427.8711761
2984,427.7288879
2985,427.5865889
2986,427.4442788
2987,427.3019579
2988,427.1596259
2989,427.0172828
2990,426.8749287
2991,426.7325634
2992,426.590187
2993,426.4477994
2994,426.3054006
2995,426.1629905
2996,426.0205692
2997,425.8781365
2998,425.7356924
2999,425.5932369
3000,425.45077
3001,425.3082916
3002,425.1658017
3003,425.0233003
3004,424.8807873
3005,424.7382626
3006,424.5957263
3007,424.4531784
3008,424.3106187
3009,424.1680472
3010,424.0254639
3011,423.8828688
3012,423.7402618
3013,423.597643
3014,423.4550121
3015,423.3123693
3016,423.1697145
3017,423.0270476
3018,422.8843686
3019,422.7416775
3020,422.5989743
3021,422.4562588
3022,422.3135311
3023,422.1707911
3024,422.0280387
3025,421.8852741
3026,421.742497
3027,421.5997075
3028,421.4569056
3029,421.3140911
3030,421.1712641
3031,421.0284245
3032,420.8855723
3033,420.7427075
3034,420.5998299
3035,420.4569396
3036,420.3140366
3037,420.1711207
3038,420.028192
3039,419.8852504
3040,419.7422959
3041,419.5993284
3042,419.4563479
3043,419.3133544
3044,419.1703478
3045,419.0273281
3046,418.8842952
3047,418.7412491
3048,418.5981898
3049,418.4551173
3050,418.3120314
3051,418.1689321
3052,418.0258195
3053,417.8826934
3054,417.7395539
3055,417.5964009
3056,417.4532343
3057,417.3100541
3058,417.1668603
3059,417.0236528
3060,416.8804316
3061,416.7371967
3062,416.5939479
3063,416.4506854
3064,416.307409
3065,416.1641186
3066,416.0208144
3067,415.8774961
3068,415.7341638
3069,415.5908174
3070,415.4474569
3071,415.3040823
3072,415.1606935
3073,415.0172904
3074,414.8738731
3075,414.7304415
3076,414.5869955
3077,414.4435351
3078,414.3000602
3079,414.1565709
3080,414.0130671
3081,413.8695487
3082,413.7260157
3083,413.582468
3084,413.4389057
3085,413.2953287
3086,413.1517368
3087,413.0081302
3088,412.8645087
3089,412.7208723
3090,412.577221
3091,412.4335547
3092,412.2898734
3093,412.146177
3094,412.0024655
3095,411.8587389
3096,411.7149971
3097,411.57124
3098,411.4274677
3099,411.28368
3100,411.139877
3101,410.9960586
3102,410.8522248
3103,410.7083754
3104,410.5645105
3105,410.4206301
3106,410.276734
3107,410.1328223
3108,409.9888949
3109,409.8449517
3110,409.7009927
3111,409.557018
3112,409.4130273
3113,409.2690207
3114,409.1249981
3115,408.9809596
3116,408.836905
3117,408.6928342
3118,408.5487474
3119,408.4046444
3120,408.2605251
3121,408.1163896
3122,407.9722378
3123,407.8280696
3124,407.6838849
3125,407.5396839
3126,407.3954664
3127,407.2512323
3128,407.1069816
3129,406.9627143
3130,406.8184304
3131,406.6741297
3132,406.5298123
3133,406.385478
3134,406.241127
3135,406.096759
3136,405.9523741
3137,405.8079722
3138,405.6635532
3139,405.5191172
3140,405.3746641
3141,405.2301938
3142,405.0857063
3143,404.9412015
3144,404.7966794
3145,404.65214
3146,404.5075832
3147,404.363009
3148,404.2184172
3149,404.073808
3150,403.9291811
3151,403.7845366
3152,403.6398745
3153,403.4951946
3154,403.350497
3155,403.2057816
3156,403.0610483
3157,402.9162971
3158,402.771528
3159,402.6267408
3160,402.4819356
3161,402.3371124
3162,402.192271
3163,402.0474114
3164,401.9025336
3165,401.7576375
3166,401.612723
3167,401.4677902
3168,401.322839
3169,401.1778694
3170,401.0328812
3171,400.8878744
3172,400.742849
3173,400.597805
3174,400.4527423
3175,400.3076608
3176,400.1625605
3177,400.0174414
3178,399.8723034
3179,399.7271464
3180,399.5819705
3181,399.4367755
3182,399.2915614
3183,399.1463282
3184,399.0010758
3185,398.8558041
3186,398.7105132
3187,398.565203
3188,398.4198733
3189,398.2745243
3190,398.1291557
3191,397.9837677
3192,397.83836
3193,397.6929328
3194,397.5474858
3195,397.4020192
3196,397.2565328
3197,397.1110265
3198,396.9655004
3199,396.8199544
3200,396.6743884
3201,396.5288023
3202,396.3831962
3203,396.23757
3204,396.0919236
3205,395.9462571
3206,395.8005702
3207,395.654863
3208,395.5091355
3209,395.3633875
3210,395.2176191
3211,395.0718301
3212,394.9260206
3213,394.7801905
3214,394.6343397
3215,394.4884681
3216,394.3425759
3217,394.1966627
3218,394.0507288
3219,393.9047738
3220,393.758798
3221,393.6128011
3222,393.4667831
3223,393.320744
3224,393.1746837
3225,393.0286022
3226,392.8824994
3227,392.7363753
3228,392.5902298
3229,392.4440628
3230,392.2978744
3231,392.1516644
3232,392.0054329
3233,391.8591797
3234,391.7129048
3235,391.5666082
3236,391.4202898
3237,391.2739495
3238,391.1275873
3239,390.9812032
3240,390.8347971
3241,390.6883689
3242,390.5419186
3243,390.3954461
3244,390.2489514
3245,390.1024345
3246,389.9558952
3247,389.8093336
3248,389.6627495
3249,389.516143
3250,389.3695139
3251,389.2228623
3252,389.076188
3253,388.929491
3254,388.7827713
3255,388.6360288
3256,388.4892634
3257,388.3424751
3258,388.1956639
3259,388.0488297
3260,387.9019724
3261,387.7550919
3262,387.6081884
3263,387.4612615
3264,387.3143114
3265,387.167338
3266,387.0203412
3267,386.8733209
3268,386.7262772
3269,386.5792099
3270,386.432119
3271,386.2850044
3272,386.1378661
3273,385.9907041
3274,385.8435182
3275,385.6963084
3276,385.5490748
3277,385.4018171
3278,385.2545354
3279,385.1072296
3280,384.9598996
3281,384.8125455
3282,384.6651671
3283,384.5177643
3284,384.3703372
3285,384.2228857
3286,384.0754097
3287,383.9279091
3288,383.780384
3289,383.6328342
3290,383.4852597
3291,383.3376604
3292,383.1900363
3293,383.0423874
3294,382.8947135
3295,382.7470146
3296,382.5992907
3297,382.4515417
3298,382.3037676
3299,382.1559682
3300,382.0081436
3301,381.8602937
3302,381.7124183
3303,381.5645176
3304,381.4165913
3305,381.2686395
3306,381.1206621
3307,380.9726591
3308,380.8246303
3309,380.6765757
3310,380.5284953
3311,380.3803891
3312,380.2322568
3313,380.0840986
3314,379.9359143
3315,379.7877039
3316,379.6394673
3317,379.4912045
3318,379.3429154
3319,379.1945999
3320,379.0462581
3321,378.8978897
3322,378.7494949
3323,378.6010734
3324,378.4526254
3325,378.3041506
3326,378.1556491
3327,378.0071207
3328,377.8585655
3329,377.7099834
3330,377.5613742
3331,377.4127381
3332,377.2640748
3333,377.1153843
3334,376.9666667
3335,376.8179217
3336,376.6691494
3337,376.5203498
3338,376.3715226
3339,376.222668
3340,376.0737857
3341,375.9248758
3342,375.7759383
3343,375.626973
3344,375.4779798
3345,375.3289588
3346,375.1799099
3347,375.0308329
3348,374.881728
3349,374.7325949
3350,374.5834336
3351,374.4342441
3352,374.2850263
3353,374.1357802
3354,373.9865056
3355,373.8372026
3356,373.6878711
3357,373.5385109
3358,373.3891221
3359,373.2397046
3360,373.0902584
3361,372.9407832
3362,372.7912792
3363,372.6417463
3364,372.4921843
3365,372.3425933
3366,372.1929731
3367,372.0433237
3368,371.893645
3369,371.7439371
3370,371.5941997
3371,371.4444329
3372,371.2946366
3373,371.1448108
3374,370.9949553
3375,370.8450701
3376,370.6951552
3377,370.5452104
3378,370.3952358
3379,370.2452313
3380,370.0951968
3381,369.9451322
3382,369.7950374
3383,369.6449125
3384,369.4947574
3385,369.3445719
3386,369.1943561
3387,369.0441098
3388,368.8938331
3389,368.7435258
3390,368.5931878
3391,368.4428192
3392,368.2924199
3393,368.1419897
3394,367.9915287
3395,367.8410367
3396,367.6905137
3397,367.5399597
3398,367.3893746
3399,367.2387583
3400,367.0881107
3401,366.9374318
3402,366.7867215
3403,366.6359798
3404,366.4852066
3405,366.3344018
3406,366.1835654
3407,366.0326973
3408,365.8817975
3409,365.7308658
3410,365.5799023
3411,365.4289067
3412,365.2778792
3413,365.1268196
3414,364.9757279
3415,364.8246039
3416,364.6734477
3417,364.5222592
3418,364.3710382
3419,364.2197848
3420,364.0684989
3421,363.9171804
3422,363.7658292
3423,363.6144453
3424,363.4630286
3425,363.311579
3426,363.1600966
3427,363.0085811
3428,362.8570326
3429,362.705451
3430,362.5538362
3431,362.4021882
3432,362.2505069
3433,362.0987922
3434,361.947044
3435,361.7952624
3436,361.6434471
3437,361.4915983
3438,361.3397157
3439,361.1877994
3440,361.0358492
3441,360.8838651
3442,360.7318471
3443,360.579795
3444,360.4277089
3445,360.2755885
3446,360.123434
3447,359.9712451
3448,359.8190219
3449,359.6667642
3450,359.5144721
3451,359.3621454
3452,359.209784
3453,359.057388
3454,358.9049571
3455,358.7524915
3456,358.5999909
3457,358.4474554
3458,358.2948849
3459,358.1422792
3460,357.9896384
3461,357.8369624
3462,357.684251
3463,357.5315043
3464,357.3787221
3465,357.2259044
3466,357.0730512
3467,356.9201623
3468,356.7672377
3469,356.6142773
3470,356.4612811
3471,356.3082489
3472,356.1551808
3473,356.0020766
3474,355.8489364
3475,355.6957599
3476,355.5425471
3477,355.3892981
3478,355.2360126
3479,355.0826907
3480,354.9293323
3481,354.7759372
3482,354.6225055
3483,354.4690371
3484,354.3155318
3485,354.1619897
3486,354.0084106
3487,353.8547945
3488,353.7011414
3489,353.5474511
3490,353.3937235
3491,353.2399587
3492,353.0861565
3493,352.9323169
3494,352.7784398
3495,352.6245251
3496,352.4705727
3497,352.3165827
3498,352.1625549
3499,352.0084892
3500,351.8543856
3501,351.700244
3502,351.5460644
3503,351.3918466
3504,351.2375907
3505,351.0832964
3506,350.9289639
3507,350.7745929
3508,350.6201834
3509,350.4657354
3510,350.3112487
3511,350.1567234
3512,350.0021593
3513,349.8475563
3514,349.6929145
3515,349.5382336
3516,349.3835137
3517,349.2287547
3518,349.0739565
3519,348.9191191
3520,348.7642422
3521,348.609326
3522,348.4543704
3523,348.2993751
3524,348.1443402
3525,347.9892657
3526,347.8341514
3527,347.6789972
3528,347.5238031
3529,347.3685691
3530,347.213295
3531,347.0579807
3532,346.9026263
3533,346.7472316
3534,346.5917965
3535,346.4363211
3536,346.2808051
3537,346.1252486
3538,345.9696515
3539,345.8140136
3540,345.658335
3541,345.5026155
3542,345.3468551
3543,345.1910536
3544,345.0352112
3545,344.8793275
3546,344.7234027
3547,344.5674365
3548,344.411429
3549,344.2553801
3550,344.0992896
3551,343.9431576
3552,343.7869838
3553,343.6307684
3554,343.4745112
3555,343.318212
3556,343.161871
3557,343.0054878
3558,342.8490626
3559,342.6925952
3560,342.5360856
3561,342.3795336
3562,342.2229392
3563,342.0663024
3564,341.909623
3565,341.752901
3566,341.5961363
3567,341.4393288
3568,341.2824784
3569,341.1255852
3570,340.9686489
3571,340.8116696
3572,340.6546471
3573,340.4975814
3574,340.3404724
3575,340.18332
3576,340.0261242
3577,339.8688849
3578,339.7116019
3579,339.5542753
3580,339.3969049
3581,339.2394907
3582,339.0820326
3583,338.9245306
3584,338.7669844
3585,338.6093942
3586,338.4517597
3587,338.294081
3588,338.1363578
3589,337.9785903
3590,337.8207783
3591,337.6629216
3592,337.5050203
3593,337.3470743
3594,337.1890834
3595,337.0310477
3596,336.8729669
3597,336.7148412
3598,336.5566703
3599,336.3984542
3600,336.2401928
3601,336.0818861
3602,335.923534
3603,335.7651363
3604,335.606693
3605,335.4482041
3606,335.2896695
3607,335.131089
3608,334.9724627
3609,334.8137903
3610,334.6550719
3611,334.4963074
3612,334.3374967
3613,334.1786397
3614,334.0197363
3615,333.8607865
3616,333.7017902
3617,333.5427472
3618,333.3836577
3619,333.2245213
3620,333.0653381
3621,332.906108
3622,332.7468309
3623,332.5875068
3624,332.4281355
3625,332.268717
3626,332.1092512
3627,331.949738
3628,331.7901773
3629,331.6305691
3630,331.4709133
3631,331.3112098
3632,331.1514585
3633,330.9916593
3634,330.8318122
3635,330.6719171
3636,330.5119739
3637,330.3519826
3638,330.1919429
3639,330.031855
3640,329.8717186
3641,329.7115338
3642,329.5513003
3643,329.3910182
3644,329.2306874
3645,329.0703078
3646,328.9098793
3647,328.7494018
3648,328.5888752
3649,328.4282995
3650,328.2676746
3651,328.1070005
3652,327.9462769
3653,327.7855039
3654,327.6246813
3655,327.4638091
3656,327.3028873
3657,327.1419156
3658,326.9808941
3659,326.8198227
3660,326.6587012
3661,326.4975296
3662,326.3363079
3663,326.1750358
3664,326.0137135
3665,325.8523407
3666,325.6909173
3667,325.5294434
3668,325.3679189
3669,325.2063435
3670,325.0447174
3671,324.8830403
3672,324.7213122
3673,324.559533
3674,324.3977027
3675,324.2358211
3676,324.0738882
3677,323.9119039
3678,323.7498681
3679,323.5877807
3680,323.4256417
3681,323.2634509
3682,323.1012083
3683,322.9389138
3684,322.7765672
3685,322.6141687
3686,322.4517179
3687,322.289215
3688,322.1266597
3689,321.964052
3690,321.8013918
3691,321.6386791
3692,321.4759137
3693,321.3130955
3694,321.1502246
